{
  "last_fcf": 72764000000.0,
  "projected_fcfs": [
    80040400000.0,
    86443632000.0,
    91630249920.0,
    96211762416.0,
    100060232912.64
  ],
  "terminal_value": 1864758886099.2,
  "pv_total": 1628903404778.2344,
  "equity_value": 1628903404778.2344,
  "implied_price": 279.9765340278849,
  "wacc_used": 0.08,
  "terminal_g": 0.025,
  "assumptions": {
    "short_term_growths": [
      0.1,
      0.08,
      0.06,
      0.05,
      0.04
    ]
  },
  "sensitivity": {
    "0.06": {
      "0.015": 355.25196859809785,
      "0.0225": 415.79746069711825,
      "0.03": 506.61569884564875,
      "0.0375": 657.9794290931997,
      "0.045": 960.706889588301
    },
    "0.075": {
      "0.015": 265.3512249922714,
      "0.0225": 296.0135191100881,
      "0.03": 336.89657793384384,
      "0.0375": 394.13286028710183,
      "0.045": 479.9872838169886
    },
    "0.09": {
      "0.015": 211.45402661789626,
      "0.0225": 229.50406076998357,
      "0.03": 252.0666034600927,
      "0.0375": 281.0755869188045,
      "0.045": 319.75423153042016
    },
    "0.105": {
      "0.015": 175.55620801197327,
      "0.0225": 187.20828876750588,
      "0.03": 201.190785674145,
      "0.0375": 218.28050411559278,
      "0.045": 239.6426521674025
    },
    "0.12": {
      "0.015": 149.94186474337064,
      "0.0225": 157.94910851826413,
      "0.03": 167.29089292230654,
      "0.0375": 178.3311835816294,
      "0.045": 191.57953237281674
    }
  }
}