year,revenue,net_income,op_cf,capex,net_margin,operating_margin,roe,roa,debt_to_equity,current_ratio,asset_turnover,revenue_yoy,fcf,net_income_margin
2021,257637.0,76033.0,,,0.2951167728237792,0.3055228868524319,,,,,,,,0.2951167728237792
2022,282836.0,59972.0,,,0.2120380715326196,0.2646127084246701,,,,,,0.09780815643715779,,0.2120380715326196
2023,307394.0,73795.0,,,0.24006649446638517,0.27421810445226646,,,,,,0.0868277022726951,,0.24006649446638517
2024,350018.0,100118.0,,,0.28603671811164,0.32109777211457696,,,,,,0.1386624332290156,,0.28603671811164
